SELECT nextval('form_header_form_id_seq');
 
--ALTER SEQUENCE draft_form_header_form_id_seq RESTART WITH 9;
--# Form Test
TRUNCATE "form_header";
INSERT INTO "public"."form_header"
  (form_id, form_name, form_key, description, status, discipline_id, inspection_level_id, create_by, create_date, update_by, update_date)
VALUES
  ('1', 'Fit up & dimension inspection', 'fit_up_&_dimension_inspection', '', 'Active', '1', '1', 'dev', default, 'dev', default),
  ('2', 'Welding inspection', 'welding_inspection', '', 'Active', '1', '1', 'dev', default, 'dev', default),
  ('3', 'NDE PT', 'nde_pt', '', 'Active', '1', '1', 'dev', default, 'dev', default),
  ('4', 'NDE RT', 'nde_rt', '', 'Active', '1', '1', 'dev', default, 'dev', default),
  ('5', 'NDE MT', 'nde_mt', '', 'Active', '1', '1', 'dev', default, 'dev', default),
  ('6', 'NDE UT', 'nde_ut', '', 'Active', '1', '1', 'dev', default, 'dev', default),
  ('7', 'Line check & punchlist summary', 'line_check_&_punchlist_summary', '', 'Active', '1', '1', 'dev', default, 'dev', default),
  ('8', 'Pressure Test', 'pressure_test', '', 'Active', '1', '2', 'dev', default, 'dev', default),
  ('9', 'Flushing inspection', 'flushing_inspection', '', 'Active', '1', '2', 'dev', default, 'dev', default),
  ('10', 'Re-Instatement', 're-instatement', '', 'Active', '1', '2', 'dev', default, 'dev', default),
  ('11', 'Painting inspection', 'painting_inspection', '', 'Active', '1', '2', 'dev', default, 'dev', default),
  ('12', 'Final Leak Test', 'final_leak_test', '', 'Active', '1', '2', 'dev', default, 'dev', default),
  ('13', 'Insulation inspection', 'insulation_inspection', '', 'Active', '1', '2', 'dev', default, 'dev', default),
  ('14', 'U/G piping inspection', 'u/g_piping_inspection', '', 'Active', '1', '2', 'dev', default, 'dev', default);
ALTER SEQUENCE form_header_form_id_seq RESTART WITH 15;
  
TRUNCATE "form_detail";
INSERT INTO "public"."form_detail"
  (form_detail_id, form_id, field_type_id, sequence_no, create_by, create_date, update_by, update_date)
VALUES
  ('1', '1', '4', '0', 'dev', default, 'dev', default),
  ('2', '1', '1', '1', 'dev', default, 'dev', default),
  ('3', '1', '2', '2', 'dev', default, 'dev', default),
  ('4', '1', '3', '3', 'dev', default, 'dev', default),
  ('5', '1', '5', '4', 'dev', default, 'dev', default),
  ('6', '1', '4', '5', 'dev', default, 'dev', default),
  ('7', '1', '6', '6', 'dev', default, 'dev', default),
  ('8', '1', '7', '7', 'dev', default, 'dev', default),
  ('9', '1', '8', '8', 'dev', default, 'dev', default),
  ('10', '2', '4', '0', 'dev', default, 'dev', default),
  ('11', '2', '1', '1', 'dev', default, 'dev', default),
  ('12', '2', '2', '2', 'dev', default, 'dev', default),
  ('13', '2', '3', '3', 'dev', default, 'dev', default),
  ('14', '3', '4', '0', 'dev', default, 'dev', default),
  ('15', '3', '1', '1', 'dev', default, 'dev', default),
  ('16', '3', '2', '2', 'dev', default, 'dev', default),
  ('17', '3', '3', '3', 'dev', default, 'dev', default),
  ('18', '4', '4', '0', 'dev', default, 'dev', default),
  ('19', '4', '1', '1', 'dev', default, 'dev', default),
  ('20', '4', '2', '2', 'dev', default, 'dev', default),
  ('21', '4', '3', '3', 'dev', default, 'dev', default),
  ('22', '5', '4', '0', 'dev', default, 'dev', default),
  ('23', '5', '1', '1', 'dev', default, 'dev', default),
  ('24', '5', '2', '2', 'dev', default, 'dev', default),
  ('25', '5', '3', '3', 'dev', default, 'dev', default),
  ('26', '6', '4', '0', 'dev', default, 'dev', default),
  ('27', '6', '1', '1', 'dev', default, 'dev', default),
  ('28', '6', '2', '2', 'dev', default, 'dev', default),
  ('29', '6', '3', '3', 'dev', default, 'dev', default),
  ('30', '7', '4', '0', 'dev', default, 'dev', default),
  ('31', '7', '1', '1', 'dev', default, 'dev', default),
  ('32', '7', '2', '2', 'dev', default, 'dev', default),
  ('33', '7', '3', '3', 'dev', default, 'dev', default),
  ('34', '8', '4', '0', 'dev', default, 'dev', default),
  ('35', '8', '1', '1', 'dev', default, 'dev', default),
  ('36', '8', '2', '2', 'dev', default, 'dev', default),
  ('37', '8', '3', '3', 'dev', default, 'dev', default),
  ('38', '9', '4', '0', 'dev', default, 'dev', default),
  ('39', '9', '1', '1', 'dev', default, 'dev', default),
  ('40', '9', '2', '2', 'dev', default, 'dev', default),
  ('41', '9', '3', '3', 'dev', default, 'dev', default),
  ('42', '10', '4', '0', 'dev', default, 'dev', default),
  ('43', '10', '1', '1', 'dev', default, 'dev', default),
  ('44', '10', '2', '2', 'dev', default, 'dev', default),
  ('45', '10', '3', '3', 'dev', default, 'dev', default),
  ('46', '11', '4', '0', 'dev', default, 'dev', default),
  ('47', '11', '1', '1', 'dev', default, 'dev', default),
  ('48', '11', '2', '2', 'dev', default, 'dev', default),
  ('49', '11', '3', '3', 'dev', default, 'dev', default),
  ('50', '12', '4', '0', 'dev', default, 'dev', default),
  ('51', '12', '1', '1', 'dev', default, 'dev', default),
  ('52', '12', '2', '2', 'dev', default, 'dev', default),
  ('53', '12', '3', '3', 'dev', default, 'dev', default),
  ('54', '13', '4', '0', 'dev', default, 'dev', default),
  ('55', '13', '1', '1', 'dev', default, 'dev', default),
  ('56', '13', '2', '2', 'dev', default, 'dev', default),
  ('57', '13', '3', '3', 'dev', default, 'dev', default),
  ('58', '14', '4', '0', 'dev', default, 'dev', default),
  ('59', '14', '1', '1', 'dev', default, 'dev', default),
  ('60', '14', '2', '2', 'dev', default, 'dev', default),
  ('61', '14', '3', '3', 'dev', default, 'dev', default);
ALTER SEQUENCE form_detail_form_detail_id_seq RESTART WITH 62;

TRUNCATE "form_properties";
INSERT INTO "public"."form_properties"
  (form_properties_id, form_detail_id, properties_id, properties_value, create_by, create_date, update_by, update_date)
VALUES
  ('1', '1', '1', 'Title 1', 'dev', default, 'dev', default),
  ('2', '1', '2', 'default title 1', 'dev', default, 'dev', default),
  ('3', '1', '7', '', 'dev', default, 'dev', default),
  ('4', '2', '1', 'Question 1', 'dev', default, 'dev', default),
  ('5', '2', '2', 'test question 1', 'dev', default, 'dev', default),
  ('6', '2', '3', 'Y', 'dev', default, 'dev', default),
  ('7', '2', '4', '', 'dev', default, 'dev', default),
  ('8', '2', '5', '', 'dev', default, 'dev', default),
  ('9', '2', '6', '', 'dev', default, 'dev', default),
  ('10', '2', '7', '', 'dev', default, 'dev', default),
  ('11', '2', '8', '', 'dev', default, 'dev', default),
  ('12', '2', '9', '', 'dev', default, 'dev', default),
  ('13', '2', '10', '', 'dev', default, 'dev', default),
  ('14', '3', '1', 'Question 2', 'dev', default, 'dev', default),
  ('15', '3', '2', '', 'dev', default, 'dev', default),
  ('16', '3', '3', '', 'dev', default, 'dev', default),
  ('17', '3', '4', '', 'dev', default, 'dev', default),
  ('18', '3', '5', '', 'dev', default, 'dev', default),
  ('19', '3', '6', '', 'dev', default, 'dev', default),
  ('20', '3', '7', '', 'dev', default, 'dev', default),
  ('21', '3', '8', '', 'dev', default, 'dev', default),
  ('22', '3', '9', '', 'dev', default, 'dev', default),
  ('23', '3', '10', '', 'dev', default, 'dev', default),
  ('24', '3', '11', '3', 'dev', default, 'dev', default),
  ('25', '4', '1', 'Remark 1', 'dev', default, 'dev', default),
  ('26', '4', '2', '', 'dev', default, 'dev', default),
  ('27', '4', '7', '', 'dev', default, 'dev', default),
  ('28', '5', '0', '', 'dev', default, 'dev', default),
  ('29', '6', '1', 'Title 2', 'dev', default, 'dev', default),
  ('30', '6', '2', '', 'dev', default, 'dev', default),
  ('31', '6', '7', '', 'dev', default, 'dev', default),
  ('32', '7', '1', 'Question 3', 'dev', default, 'dev', default),
  ('33', '7', '3', '', 'dev', default, 'dev', default),
  ('34', '7', '12', '', 'dev', default, 'dev', default),
  ('35', '8', '1', 'Question 4', 'dev', default, 'dev', default),
  ('36', '8', '3', '', 'dev', default, 'dev', default),
  ('37', '8', '12', '', 'dev', default, 'dev', default),
  ('38', '9', '1', 'Question 5', 'dev', default, 'dev', default),
  ('39', '9', '3', '', 'dev', default, 'dev', default),
  ('40', '9', '12', '', 'dev', default, 'dev', default),
  ('41', '10', '1', 'Title 1', 'dev', default, 'dev', default),
  ('42', '10', '2', 'default title 1', 'dev', default, 'dev', default),
  ('43', '10', '7', '', 'dev', default, 'dev', default),
  ('44', '11', '1', 'Question 1', 'dev', default, 'dev', default),
  ('45', '11', '2', 'test question 1', 'dev', default, 'dev', default),
  ('46', '11', '3', 'Y', 'dev', default, 'dev', default),
  ('47', '11', '4', '', 'dev', default, 'dev', default),
  ('48', '11', '5', '', 'dev', default, 'dev', default),
  ('49', '11', '6', '', 'dev', default, 'dev', default),
  ('50', '11', '7', '', 'dev', default, 'dev', default),
  ('51', '11', '8', '', 'dev', default, 'dev', default),
  ('52', '11', '9', '', 'dev', default, 'dev', default),
  ('53', '11', '10', '', 'dev', default, 'dev', default),
  ('54', '12', '1', 'Question 2', 'dev', default, 'dev', default),
  ('55', '12', '2', '', 'dev', default, 'dev', default),
  ('56', '12', '3', '', 'dev', default, 'dev', default),
  ('57', '12', '4', '', 'dev', default, 'dev', default),
  ('58', '12', '5', '', 'dev', default, 'dev', default),
  ('59', '12', '6', '', 'dev', default, 'dev', default),
  ('60', '12', '7', '', 'dev', default, 'dev', default),
  ('61', '12', '8', '', 'dev', default, 'dev', default),
  ('62', '12', '9', '', 'dev', default, 'dev', default),
  ('63', '12', '10', '', 'dev', default, 'dev', default),
  ('64', '12', '11', '3', 'dev', default, 'dev', default),
  ('65', '13', '1', 'Remark 1', 'dev', default, 'dev', default),
  ('66', '13', '2', 'test reamark', 'dev', default, 'dev', default),
  ('67', '13', '7', '', 'dev', default, 'dev', default),
  ('68', '14', '1', 'Title 1', 'dev', default, 'dev', default),
  ('69', '14', '2', 'default title 1', 'dev', default, 'dev', default),
  ('70', '14', '7', '', 'dev', default, 'dev', default),
  ('71', '15', '1', 'Question 1', 'dev', default, 'dev', default),
  ('72', '15', '2', 'test question 1', 'dev', default, 'dev', default),
  ('73', '15', '3', 'Y', 'dev', default, 'dev', default),
  ('74', '15', '4', '', 'dev', default, 'dev', default),
  ('75', '15', '5', '', 'dev', default, 'dev', default),
  ('76', '15', '6', '', 'dev', default, 'dev', default),
  ('77', '15', '7', '', 'dev', default, 'dev', default),
  ('78', '15', '8', '', 'dev', default, 'dev', default),
  ('79', '15', '9', '', 'dev', default, 'dev', default),
  ('80', '15', '10', '', 'dev', default, 'dev', default),
  ('81', '16', '1', 'Question 2', 'dev', default, 'dev', default),
  ('82', '16', '2', '', 'dev', default, 'dev', default),
  ('83', '16', '3', '', 'dev', default, 'dev', default),
  ('84', '16', '4', '', 'dev', default, 'dev', default),
  ('85', '16', '5', '', 'dev', default, 'dev', default),
  ('86', '16', '6', '', 'dev', default, 'dev', default),
  ('87', '16', '7', '', 'dev', default, 'dev', default),
  ('88', '16', '8', '', 'dev', default, 'dev', default),
  ('89', '16', '9', '', 'dev', default, 'dev', default),
  ('90', '16', '10', '', 'dev', default, 'dev', default),
  ('91', '16', '11', '3', 'dev', default, 'dev', default),
  ('92', '17', '1', 'Remark 1', 'dev', default, 'dev', default),
  ('93', '17', '2', 'test reamark', 'dev', default, 'dev', default),
  ('94', '17', '7', '', 'dev', default, 'dev', default),
  ('95', '18', '1', 'Title 1', 'dev', default, 'dev', default),
  ('96', '18', '2', 'default title 1', 'dev', default, 'dev', default),
  ('97', '18', '7', '', 'dev', default, 'dev', default),
  ('98', '19', '1', 'Question 1', 'dev', default, 'dev', default),
  ('99', '19', '2', 'test question 1', 'dev', default, 'dev', default),
  ('100', '19', '3', 'Y', 'dev', default, 'dev', default),
  ('101', '19', '4', '', 'dev', default, 'dev', default),
  ('102', '19', '5', '', 'dev', default, 'dev', default),
  ('103', '19', '6', '', 'dev', default, 'dev', default),
  ('104', '19', '7', '', 'dev', default, 'dev', default),
  ('105', '19', '8', '', 'dev', default, 'dev', default),
  ('106', '19', '9', '', 'dev', default, 'dev', default),
  ('107', '19', '10', '', 'dev', default, 'dev', default),
  ('108', '20', '1', 'Question 2', 'dev', default, 'dev', default),
  ('109', '20', '2', '', 'dev', default, 'dev', default),
  ('110', '20', '3', '', 'dev', default, 'dev', default),
  ('111', '20', '4', '', 'dev', default, 'dev', default),
  ('112', '20', '5', '', 'dev', default, 'dev', default),
  ('113', '20', '6', '', 'dev', default, 'dev', default),
  ('114', '20', '7', '', 'dev', default, 'dev', default),
  ('115', '20', '8', '', 'dev', default, 'dev', default),
  ('116', '20', '9', '', 'dev', default, 'dev', default),
  ('117', '20', '10', '', 'dev', default, 'dev', default),
  ('118', '20', '11', '3', 'dev', default, 'dev', default),
  ('119', '21', '1', 'Remark 1', 'dev', default, 'dev', default),
  ('120', '21', '2', 'test reamark', 'dev', default, 'dev', default),
  ('121', '21', '7', '', 'dev', default, 'dev', default),
  ('122', '22', '1', 'Title 1', 'dev', default, 'dev', default),
  ('123', '22', '2', 'default title 1', 'dev', default, 'dev', default),
  ('124', '22', '7', '', 'dev', default, 'dev', default),
  ('125', '23', '1', 'Question 1', 'dev', default, 'dev', default),
  ('126', '23', '2', 'test question 1', 'dev', default, 'dev', default),
  ('127', '23', '3', 'Y', 'dev', default, 'dev', default),
  ('128', '23', '4', '', 'dev', default, 'dev', default),
  ('129', '23', '5', '', 'dev', default, 'dev', default),
  ('130', '23', '6', '', 'dev', default, 'dev', default),
  ('131', '23', '7', '', 'dev', default, 'dev', default),
  ('132', '23', '8', '', 'dev', default, 'dev', default),
  ('133', '23', '9', '', 'dev', default, 'dev', default),
  ('134', '23', '10', '', 'dev', default, 'dev', default),
  ('135', '24', '1', 'Question 2', 'dev', default, 'dev', default),
  ('136', '24', '2', '', 'dev', default, 'dev', default),
  ('137', '24', '3', '', 'dev', default, 'dev', default),
  ('138', '24', '4', '', 'dev', default, 'dev', default),
  ('139', '24', '5', '', 'dev', default, 'dev', default),
  ('140', '24', '6', '', 'dev', default, 'dev', default),
  ('141', '24', '7', '', 'dev', default, 'dev', default),
  ('142', '24', '8', '', 'dev', default, 'dev', default),
  ('143', '24', '9', '', 'dev', default, 'dev', default),
  ('144', '24', '10', '', 'dev', default, 'dev', default),
  ('145', '24', '11', '3', 'dev', default, 'dev', default),
  ('146', '25', '1', 'Remark 1', 'dev', default, 'dev', default),
  ('147', '25', '2', 'test reamark', 'dev', default, 'dev', default),
  ('148', '25', '7', '', 'dev', default, 'dev', default),
  ('149', '26', '1', 'Title 1', 'dev', default, 'dev', default),
  ('150', '26', '2', 'default title 1', 'dev', default, 'dev', default),
  ('151', '26', '7', '', 'dev', default, 'dev', default),
  ('152', '27', '1', 'Question 1', 'dev', default, 'dev', default),
  ('153', '27', '2', 'test question 1', 'dev', default, 'dev', default),
  ('154', '27', '3', 'Y', 'dev', default, 'dev', default),
  ('155', '27', '4', '', 'dev', default, 'dev', default),
  ('156', '27', '5', '', 'dev', default, 'dev', default),
  ('157', '27', '6', '', 'dev', default, 'dev', default),
  ('158', '27', '7', '', 'dev', default, 'dev', default),
  ('159', '27', '8', '', 'dev', default, 'dev', default),
  ('160', '27', '9', '', 'dev', default, 'dev', default),
  ('161', '27', '10', '', 'dev', default, 'dev', default),
  ('162', '28', '1', 'Question 2', 'dev', default, 'dev', default),
  ('163', '28', '2', '', 'dev', default, 'dev', default),
  ('164', '28', '3', '', 'dev', default, 'dev', default),
  ('165', '28', '4', '', 'dev', default, 'dev', default),
  ('166', '28', '5', '', 'dev', default, 'dev', default),
  ('167', '28', '6', '', 'dev', default, 'dev', default),
  ('168', '28', '7', '', 'dev', default, 'dev', default),
  ('169', '28', '8', '', 'dev', default, 'dev', default),
  ('170', '28', '9', '', 'dev', default, 'dev', default),
  ('171', '28', '10', '', 'dev', default, 'dev', default),
  ('172', '28', '11', '3', 'dev', default, 'dev', default),
  ('173', '29', '1', 'Remark 1', 'dev', default, 'dev', default),
  ('174', '29', '2', 'test reamark', 'dev', default, 'dev', default),
  ('175', '29', '7', '', 'dev', default, 'dev', default),
  ('176', '30', '1', 'Title 1', 'dev', default, 'dev', default),
  ('177', '30', '2', 'default title 1', 'dev', default, 'dev', default),
  ('178', '30', '7', '', 'dev', default, 'dev', default),
  ('179', '31', '1', 'Question 1', 'dev', default, 'dev', default),
  ('180', '31', '2', 'test question 1', 'dev', default, 'dev', default),
  ('181', '31', '3', 'Y', 'dev', default, 'dev', default),
  ('182', '31', '4', '', 'dev', default, 'dev', default),
  ('183', '31', '5', '', 'dev', default, 'dev', default),
  ('184', '31', '6', '', 'dev', default, 'dev', default),
  ('185', '31', '7', '', 'dev', default, 'dev', default),
  ('186', '31', '8', '', 'dev', default, 'dev', default),
  ('187', '31', '9', '', 'dev', default, 'dev', default),
  ('188', '31', '10', '', 'dev', default, 'dev', default),
  ('189', '32', '1', 'Question 2', 'dev', default, 'dev', default),
  ('190', '32', '2', '', 'dev', default, 'dev', default),
  ('191', '32', '3', '', 'dev', default, 'dev', default),
  ('192', '32', '4', '', 'dev', default, 'dev', default),
  ('193', '32', '5', '', 'dev', default, 'dev', default),
  ('194', '32', '6', '', 'dev', default, 'dev', default),
  ('195', '32', '7', '', 'dev', default, 'dev', default),
  ('196', '32', '8', '', 'dev', default, 'dev', default),
  ('197', '32', '9', '', 'dev', default, 'dev', default),
  ('198', '32', '10', '', 'dev', default, 'dev', default),
  ('199', '32', '11', '3', 'dev', default, 'dev', default),
  ('200', '33', '1', 'Remark 1', 'dev', default, 'dev', default),
  ('201', '33', '2', 'test reamark', 'dev', default, 'dev', default),
  ('202', '33', '7', '', 'dev', default, 'dev', default),
  ('203', '34', '1', 'Title 1', 'dev', default, 'dev', default),
  ('204', '34', '2', 'default title 1', 'dev', default, 'dev', default),
  ('205', '34', '7', '', 'dev', default, 'dev', default),
  ('206', '35', '1', 'Question 1', 'dev', default, 'dev', default),
  ('207', '35', '2', 'test question 1', 'dev', default, 'dev', default),
  ('208', '35', '3', 'Y', 'dev', default, 'dev', default),
  ('209', '35', '4', '', 'dev', default, 'dev', default),
  ('210', '35', '5', '', 'dev', default, 'dev', default),
  ('211', '35', '6', '', 'dev', default, 'dev', default),
  ('212', '35', '7', '', 'dev', default, 'dev', default),
  ('213', '35', '8', '', 'dev', default, 'dev', default),
  ('214', '35', '9', '', 'dev', default, 'dev', default),
  ('215', '35', '10', '', 'dev', default, 'dev', default),
  ('216', '36', '1', 'Question 2', 'dev', default, 'dev', default),
  ('217', '36', '2', '', 'dev', default, 'dev', default),
  ('218', '36', '3', '', 'dev', default, 'dev', default),
  ('219', '36', '4', '', 'dev', default, 'dev', default),
  ('220', '36', '5', '', 'dev', default, 'dev', default),
  ('221', '36', '6', '', 'dev', default, 'dev', default),
  ('222', '36', '7', '', 'dev', default, 'dev', default),
  ('223', '36', '8', '', 'dev', default, 'dev', default),
  ('224', '36', '9', '', 'dev', default, 'dev', default),
  ('225', '36', '10', '', 'dev', default, 'dev', default),
  ('226', '36', '11', '3', 'dev', default, 'dev', default),
  ('227', '37', '1', 'Remark 1', 'dev', default, 'dev', default),
  ('228', '37', '2', 'test reamark', 'dev', default, 'dev', default),
  ('229', '37', '7', '', 'dev', default, 'dev', default),
  ('230', '38', '1', 'Title 1', 'dev', default, 'dev', default),
  ('231', '38', '2', 'default title 1', 'dev', default, 'dev', default),
  ('232', '38', '7', '', 'dev', default, 'dev', default),
  ('233', '39', '1', 'Question 1', 'dev', default, 'dev', default),
  ('234', '39', '2', 'test question 1', 'dev', default, 'dev', default),
  ('235', '39', '3', 'Y', 'dev', default, 'dev', default),
  ('236', '39', '4', '', 'dev', default, 'dev', default),
  ('237', '39', '5', '', 'dev', default, 'dev', default),
  ('238', '39', '6', '', 'dev', default, 'dev', default),
  ('239', '39', '7', '', 'dev', default, 'dev', default),
  ('240', '39', '8', '', 'dev', default, 'dev', default),
  ('241', '39', '9', '', 'dev', default, 'dev', default),
  ('242', '39', '10', '', 'dev', default, 'dev', default),
  ('243', '40', '1', 'Question 2', 'dev', default, 'dev', default),
  ('244', '40', '2', '', 'dev', default, 'dev', default),
  ('245', '40', '3', '', 'dev', default, 'dev', default),
  ('246', '40', '4', '', 'dev', default, 'dev', default),
  ('247', '40', '5', '', 'dev', default, 'dev', default),
  ('248', '40', '6', '', 'dev', default, 'dev', default),
  ('249', '40', '7', '', 'dev', default, 'dev', default),
  ('250', '40', '8', '', 'dev', default, 'dev', default),
  ('251', '40', '9', '', 'dev', default, 'dev', default),
  ('252', '40', '10', '', 'dev', default, 'dev', default),
  ('253', '40', '11', '3', 'dev', default, 'dev', default),
  ('254', '41', '1', 'Remark 1', 'dev', default, 'dev', default),
  ('255', '41', '2', 'test reamark', 'dev', default, 'dev', default),
  ('256', '41', '7', '', 'dev', default, 'dev', default),
  ('257', '42', '1', 'Title 1', 'dev', default, 'dev', default),
  ('258', '42', '2', 'default title 1', 'dev', default, 'dev', default),
  ('259', '42', '7', '', 'dev', default, 'dev', default),
  ('260', '43', '1', 'Question 1', 'dev', default, 'dev', default),
  ('261', '43', '2', 'test question 1', 'dev', default, 'dev', default),
  ('262', '43', '3', 'Y', 'dev', default, 'dev', default),
  ('263', '43', '4', '', 'dev', default, 'dev', default),
  ('264', '43', '5', '', 'dev', default, 'dev', default),
  ('265', '43', '6', '', 'dev', default, 'dev', default),
  ('266', '43', '7', '', 'dev', default, 'dev', default),
  ('267', '43', '8', '', 'dev', default, 'dev', default),
  ('268', '43', '9', '', 'dev', default, 'dev', default),
  ('269', '43', '10', '', 'dev', default, 'dev', default),
  ('270', '44', '1', 'Question 2', 'dev', default, 'dev', default),
  ('271', '44', '2', '', 'dev', default, 'dev', default),
  ('272', '44', '3', '', 'dev', default, 'dev', default),
  ('273', '44', '4', '', 'dev', default, 'dev', default),
  ('274', '44', '5', '', 'dev', default, 'dev', default),
  ('275', '44', '6', '', 'dev', default, 'dev', default),
  ('276', '44', '7', '', 'dev', default, 'dev', default),
  ('277', '44', '8', '', 'dev', default, 'dev', default),
  ('278', '44', '9', '', 'dev', default, 'dev', default),
  ('279', '44', '10', '', 'dev', default, 'dev', default),
  ('280', '44', '11', '3', 'dev', default, 'dev', default),
  ('281', '45', '1', 'Remark 1', 'dev', default, 'dev', default),
  ('282', '45', '2', 'test reamark', 'dev', default, 'dev', default),
  ('283', '45', '7', '', 'dev', default, 'dev', default),
  ('284', '46', '1', 'Title 1', 'dev', default, 'dev', default),
  ('285', '46', '2', 'default title 1', 'dev', default, 'dev', default),
  ('286', '46', '7', '', 'dev', default, 'dev', default),
  ('287', '47', '1', 'Question 1', 'dev', default, 'dev', default),
  ('288', '47', '2', 'test question 1', 'dev', default, 'dev', default),
  ('289', '47', '3', 'Y', 'dev', default, 'dev', default),
  ('290', '47', '4', '', 'dev', default, 'dev', default),
  ('291', '47', '5', '', 'dev', default, 'dev', default),
  ('292', '47', '6', '', 'dev', default, 'dev', default),
  ('293', '47', '7', '', 'dev', default, 'dev', default),
  ('294', '47', '8', '', 'dev', default, 'dev', default),
  ('295', '47', '9', '', 'dev', default, 'dev', default),
  ('296', '47', '10', '', 'dev', default, 'dev', default),
  ('297', '48', '1', 'Question 2', 'dev', default, 'dev', default),
  ('298', '48', '2', '', 'dev', default, 'dev', default),
  ('299', '48', '3', '', 'dev', default, 'dev', default),
  ('300', '48', '4', '', 'dev', default, 'dev', default),
  ('301', '48', '5', '', 'dev', default, 'dev', default),
  ('302', '48', '6', '', 'dev', default, 'dev', default),
  ('303', '48', '7', '', 'dev', default, 'dev', default),
  ('304', '48', '8', '', 'dev', default, 'dev', default),
  ('305', '48', '9', '', 'dev', default, 'dev', default),
  ('306', '48', '10', '', 'dev', default, 'dev', default),
  ('307', '48', '11', '3', 'dev', default, 'dev', default),
  ('308', '49', '1', 'Remark 1', 'dev', default, 'dev', default),
  ('309', '49', '2', 'test reamark', 'dev', default, 'dev', default),
  ('310', '49', '7', '', 'dev', default, 'dev', default),
  ('311', '50', '1', 'Title 1', 'dev', default, 'dev', default),
  ('312', '50', '2', 'default title 1', 'dev', default, 'dev', default),
  ('313', '50', '7', '', 'dev', default, 'dev', default),
  ('314', '51', '1', 'Question 1', 'dev', default, 'dev', default),
  ('315', '51', '2', 'test question 1', 'dev', default, 'dev', default),
  ('316', '51', '3', 'Y', 'dev', default, 'dev', default),
  ('317', '51', '4', '', 'dev', default, 'dev', default),
  ('318', '51', '5', '', 'dev', default, 'dev', default),
  ('319', '51', '6', '', 'dev', default, 'dev', default),
  ('320', '51', '7', '', 'dev', default, 'dev', default),
  ('321', '51', '8', '', 'dev', default, 'dev', default),
  ('322', '51', '9', '', 'dev', default, 'dev', default),
  ('323', '51', '10', '', 'dev', default, 'dev', default),
  ('324', '52', '1', 'Question 2', 'dev', default, 'dev', default),
  ('325', '52', '2', '', 'dev', default, 'dev', default),
  ('326', '52', '3', '', 'dev', default, 'dev', default),
  ('327', '52', '4', '', 'dev', default, 'dev', default),
  ('328', '52', '5', '', 'dev', default, 'dev', default),
  ('329', '52', '6', '', 'dev', default, 'dev', default),
  ('330', '52', '7', '', 'dev', default, 'dev', default),
  ('331', '52', '8', '', 'dev', default, 'dev', default),
  ('332', '52', '9', '', 'dev', default, 'dev', default),
  ('333', '52', '10', '', 'dev', default, 'dev', default),
  ('334', '52', '11', '3', 'dev', default, 'dev', default),
  ('335', '53', '1', 'Remark 1', 'dev', default, 'dev', default),
  ('336', '53', '2', 'test reamark', 'dev', default, 'dev', default),
  ('337', '53', '7', '', 'dev', default, 'dev', default),
  ('338', '54', '1', 'Title 1', 'dev', default, 'dev', default),
  ('339', '54', '2', 'default title 1', 'dev', default, 'dev', default),
  ('340', '54', '7', '', 'dev', default, 'dev', default),
  ('341', '55', '1', 'Question 1', 'dev', default, 'dev', default),
  ('342', '55', '2', 'test question 1', 'dev', default, 'dev', default),
  ('343', '55', '3', 'Y', 'dev', default, 'dev', default),
  ('344', '55', '4', '', 'dev', default, 'dev', default),
  ('345', '55', '5', '', 'dev', default, 'dev', default),
  ('346', '55', '6', '', 'dev', default, 'dev', default),
  ('347', '55', '7', '', 'dev', default, 'dev', default),
  ('348', '55', '8', '', 'dev', default, 'dev', default),
  ('349', '55', '9', '', 'dev', default, 'dev', default),
  ('350', '55', '10', '', 'dev', default, 'dev', default),
  ('351', '56', '1', 'Question 2', 'dev', default, 'dev', default),
  ('352', '56', '2', '', 'dev', default, 'dev', default),
  ('353', '56', '3', '', 'dev', default, 'dev', default),
  ('354', '56', '4', '', 'dev', default, 'dev', default),
  ('355', '56', '5', '', 'dev', default, 'dev', default),
  ('356', '56', '6', '', 'dev', default, 'dev', default),
  ('357', '56', '7', '', 'dev', default, 'dev', default),
  ('358', '56', '8', '', 'dev', default, 'dev', default),
  ('359', '56', '9', '', 'dev', default, 'dev', default),
  ('360', '56', '10', '', 'dev', default, 'dev', default),
  ('361', '56', '11', '3', 'dev', default, 'dev', default),
  ('362', '57', '1', 'Remark 1', 'dev', default, 'dev', default),
  ('363', '57', '2', 'test reamark', 'dev', default, 'dev', default),
  ('364', '57', '7', '', 'dev', default, 'dev', default),
  ('365', '58', '1', 'Title 1', 'dev', default, 'dev', default),
  ('366', '58', '2', 'default title 1', 'dev', default, 'dev', default),
  ('367', '58', '7', '', 'dev', default, 'dev', default),
  ('368', '59', '1', 'Question 1', 'dev', default, 'dev', default),
  ('369', '59', '2', 'test question 1', 'dev', default, 'dev', default),
  ('370', '59', '3', 'Y', 'dev', default, 'dev', default),
  ('371', '59', '4', '', 'dev', default, 'dev', default),
  ('372', '59', '5', '', 'dev', default, 'dev', default),
  ('373', '59', '6', '', 'dev', default, 'dev', default),
  ('374', '59', '7', '', 'dev', default, 'dev', default),
  ('375', '59', '8', '', 'dev', default, 'dev', default),
  ('376', '59', '9', '', 'dev', default, 'dev', default),
  ('377', '59', '10', '', 'dev', default, 'dev', default),
  ('378', '60', '1', 'Question 2', 'dev', default, 'dev', default),
  ('379', '60', '2', '', 'dev', default, 'dev', default),
  ('380', '60', '3', '', 'dev', default, 'dev', default),
  ('381', '60', '4', '', 'dev', default, 'dev', default),
  ('382', '60', '5', '', 'dev', default, 'dev', default),
  ('383', '60', '6', '', 'dev', default, 'dev', default),
  ('384', '60', '7', '', 'dev', default, 'dev', default),
  ('385', '60', '8', '', 'dev', default, 'dev', default),
  ('386', '60', '9', '', 'dev', default, 'dev', default),
  ('387', '60', '10', '', 'dev', default, 'dev', default),
  ('388', '60', '11', '3', 'dev', default, 'dev', default),
  ('389', '61', '1', 'Remark 1', 'dev', default, 'dev', default),
  ('390', '61', '2', 'test reamark', 'dev', default, 'dev', default),
  ('391', '61', '7', '', 'dev', default, 'dev', default);
ALTER SEQUENCE form_properties_form_properties_id_seq RESTART WITH 392;


TRUNCATE "form_properties_list";
INSERT INTO "public"."form_properties_list"
  (list_id, form_properties_id, list_sequence, list_key, list_value, create_by, create_date, update_by, update_date)
VALUES
  ('2', '34', '1', 'multipel_2', 'Multipel 2', 'dev', default, 'dev', default),
  ('1', '34', '0', 'multipel_1', 'Multipel 1', 'dev', default, 'dev', default),
  ('3', '34', '2', 'multipel_3', 'Multipel 3', 'dev', default, 'dev', default),
  ('4', '37', '0', 'checkbox_1', 'Checkbox 1', 'dev', default, 'dev', default),
  ('5', '37', '1', 'checkbox_2', 'Checkbox 2', 'dev', default, 'dev', default),
  ('6', '37', '2', 'checkbox_3', 'Checkbox 3', 'dev', default, 'dev', default),
  ('7', '37', '3', 'checkbox_4', 'Checkbox 4', 'dev', default, 'dev', default),
  ('8', '40', '0', 'dropdown_1', 'dropdown 1', 'dev', default, 'dev', default),
  ('9', '40', '1', 'dropdown_2', 'dropdown 2', 'dev', default, 'dev', default);
ALTER SEQUENCE form_properties_list_list_id_seq RESTART WITH 10;


---Draft
--# Form Test
TRUNCATE "draft_form_header";
INSERT INTO "public"."draft_form_header"
  (form_id, form_name, form_key, description, status, discipline_id, inspection_level_id, create_by, create_date, update_by, update_date)
VALUES
  ('1', 'Fit up & dimension inspection', 'fit_up_&_dimension_inspection', '', 'Active', '1', '1', 'dev', default, 'dev', default),
  ('2', 'Welding inspection', 'welding_inspection', '', 'Active', '1', '1', 'dev', default, 'dev', default),
  ('3', 'NDE PT', 'nde_pt', '', 'Active', '1', '1', 'dev', default, 'dev', default),
  ('4', 'NDE RT', 'nde_rt', '', 'Active', '1', '1', 'dev', default, 'dev', default),
  ('5', 'NDE MT', 'nde_mt', '', 'Active', '1', '1', 'dev', default, 'dev', default),
  ('6', 'NDE UT', 'nde_ut', '', 'Active', '1', '1', 'dev', default, 'dev', default),
  ('7', 'Line check & punchlist summary', 'line_check_&_punchlist_summary', '', 'Active', '1', '1', 'dev', default, 'dev', default),
  ('8', 'Pressure Test', 'pressure_test', '', 'Active', '1', '2', 'dev', default, 'dev', default),
  ('9', 'Flushing inspection', 'flushing_inspection', '', 'Active', '1', '2', 'dev', default, 'dev', default),
  ('10', 'Re-Instatement', 're-instatement', '', 'Active', '1', '2', 'dev', default, 'dev', default),
  ('11', 'Painting inspection', 'painting_inspection', '', 'Active', '1', '2', 'dev', default, 'dev', default),
  ('12', 'Final Leak Test', 'final_leak_test', '', 'Active', '1', '2', 'dev', default, 'dev', default),
  ('13', 'Insulation inspection', 'insulation_inspection', '', 'Active', '1', '2', 'dev', default, 'dev', default),
  ('14', 'U/G piping inspection', 'u/g_piping_inspection', '', 'Active', '1', '2', 'dev', default, 'dev', default);
ALTER SEQUENCE draft_form_header_form_id_seq RESTART WITH 15;
  
TRUNCATE "draft_form_detail";
INSERT INTO "public"."draft_form_detail"
  (form_detail_id, form_id, field_type_id, sequence_no, create_by, create_date, update_by, update_date)
VALUES
  ('1', '1', '4', '0', 'dev', default, 'dev', default),
  ('2', '1', '1', '1', 'dev', default, 'dev', default),
  ('3', '1', '2', '2', 'dev', default, 'dev', default),
  ('4', '1', '3', '3', 'dev', default, 'dev', default),
  ('5', '1', '5', '4', 'dev', default, 'dev', default),
  ('6', '1', '4', '5', 'dev', default, 'dev', default),
  ('7', '1', '6', '6', 'dev', default, 'dev', default),
  ('8', '1', '7', '7', 'dev', default, 'dev', default),
  ('9', '1', '8', '8', 'dev', default, 'dev', default),
  ('10', '2', '4', '0', 'dev', default, 'dev', default),
  ('11', '2', '1', '1', 'dev', default, 'dev', default),
  ('12', '2', '2', '2', 'dev', default, 'dev', default),
  ('13', '2', '3', '3', 'dev', default, 'dev', default),
  ('14', '3', '4', '0', 'dev', default, 'dev', default),
  ('15', '3', '1', '1', 'dev', default, 'dev', default),
  ('16', '3', '2', '2', 'dev', default, 'dev', default),
  ('17', '3', '3', '3', 'dev', default, 'dev', default),
  ('18', '4', '4', '0', 'dev', default, 'dev', default),
  ('19', '4', '1', '1', 'dev', default, 'dev', default),
  ('20', '4', '2', '2', 'dev', default, 'dev', default),
  ('21', '4', '3', '3', 'dev', default, 'dev', default),
  ('22', '5', '4', '0', 'dev', default, 'dev', default),
  ('23', '5', '1', '1', 'dev', default, 'dev', default),
  ('24', '5', '2', '2', 'dev', default, 'dev', default),
  ('25', '5', '3', '3', 'dev', default, 'dev', default),
  ('26', '6', '4', '0', 'dev', default, 'dev', default),
  ('27', '6', '1', '1', 'dev', default, 'dev', default),
  ('28', '6', '2', '2', 'dev', default, 'dev', default),
  ('29', '6', '3', '3', 'dev', default, 'dev', default),
  ('30', '7', '4', '0', 'dev', default, 'dev', default),
  ('31', '7', '1', '1', 'dev', default, 'dev', default),
  ('32', '7', '2', '2', 'dev', default, 'dev', default),
  ('33', '7', '3', '3', 'dev', default, 'dev', default),
  ('34', '8', '4', '0', 'dev', default, 'dev', default),
  ('35', '8', '1', '1', 'dev', default, 'dev', default),
  ('36', '8', '2', '2', 'dev', default, 'dev', default),
  ('37', '8', '3', '3', 'dev', default, 'dev', default),
  ('38', '9', '4', '0', 'dev', default, 'dev', default),
  ('39', '9', '1', '1', 'dev', default, 'dev', default),
  ('40', '9', '2', '2', 'dev', default, 'dev', default),
  ('41', '9', '3', '3', 'dev', default, 'dev', default),
  ('42', '10', '4', '0', 'dev', default, 'dev', default),
  ('43', '10', '1', '1', 'dev', default, 'dev', default),
  ('44', '10', '2', '2', 'dev', default, 'dev', default),
  ('45', '10', '3', '3', 'dev', default, 'dev', default),
  ('46', '11', '4', '0', 'dev', default, 'dev', default),
  ('47', '11', '1', '1', 'dev', default, 'dev', default),
  ('48', '11', '2', '2', 'dev', default, 'dev', default),
  ('49', '11', '3', '3', 'dev', default, 'dev', default),
  ('50', '12', '4', '0', 'dev', default, 'dev', default),
  ('51', '12', '1', '1', 'dev', default, 'dev', default),
  ('52', '12', '2', '2', 'dev', default, 'dev', default),
  ('53', '12', '3', '3', 'dev', default, 'dev', default),
  ('54', '13', '4', '0', 'dev', default, 'dev', default),
  ('55', '13', '1', '1', 'dev', default, 'dev', default),
  ('56', '13', '2', '2', 'dev', default, 'dev', default),
  ('57', '13', '3', '3', 'dev', default, 'dev', default),
  ('58', '14', '4', '0', 'dev', default, 'dev', default),
  ('59', '14', '1', '1', 'dev', default, 'dev', default),
  ('60', '14', '2', '2', 'dev', default, 'dev', default),
  ('61', '14', '3', '3', 'dev', default, 'dev', default);
ALTER SEQUENCE draft_form_detail_form_detail_id_seq RESTART WITH 62; 
 
TRUNCATE "draft_form_properties";
INSERT INTO "public"."draft_form_properties"
  (form_properties_id, form_detail_id, properties_id, properties_value, create_by, create_date, update_by, update_date)
VALUES
  ('1', '1', '1', 'Title 1', 'dev', default, 'dev', default),
  ('2', '1', '2', 'default title 1', 'dev', default, 'dev', default),
  ('3', '1', '7', '', 'dev', default, 'dev', default),
  ('4', '2', '1', 'Question 1', 'dev', default, 'dev', default),
  ('5', '2', '2', 'test question 1', 'dev', default, 'dev', default),
  ('6', '2', '3', 'Y', 'dev', default, 'dev', default),
  ('7', '2', '4', '', 'dev', default, 'dev', default),
  ('8', '2', '5', '', 'dev', default, 'dev', default),
  ('9', '2', '6', '', 'dev', default, 'dev', default),
  ('10', '2', '7', '', 'dev', default, 'dev', default),
  ('11', '2', '8', '', 'dev', default, 'dev', default),
  ('12', '2', '9', '', 'dev', default, 'dev', default),
  ('13', '2', '10', '', 'dev', default, 'dev', default),
  ('14', '3', '1', 'Question 2', 'dev', default, 'dev', default),
  ('15', '3', '2', '', 'dev', default, 'dev', default),
  ('16', '3', '3', '', 'dev', default, 'dev', default),
  ('17', '3', '4', '', 'dev', default, 'dev', default),
  ('18', '3', '5', '', 'dev', default, 'dev', default),
  ('19', '3', '6', '', 'dev', default, 'dev', default),
  ('20', '3', '7', '', 'dev', default, 'dev', default),
  ('21', '3', '8', '', 'dev', default, 'dev', default),
  ('22', '3', '9', '', 'dev', default, 'dev', default),
  ('23', '3', '10', '', 'dev', default, 'dev', default),
  ('24', '3', '11', '3', 'dev', default, 'dev', default),
  ('25', '4', '1', 'Remark 1', 'dev', default, 'dev', default),
  ('26', '4', '2', '', 'dev', default, 'dev', default),
  ('27', '4', '7', '', 'dev', default, 'dev', default),
  ('28', '5', '0', '', 'dev', default, 'dev', default),
  ('29', '6', '1', 'Title 2', 'dev', default, 'dev', default),
  ('30', '6', '2', '', 'dev', default, 'dev', default),
  ('31', '6', '7', '', 'dev', default, 'dev', default),
  ('32', '7', '1', 'Question 3', 'dev', default, 'dev', default),
  ('33', '7', '3', '', 'dev', default, 'dev', default),
  ('34', '7', '12', '', 'dev', default, 'dev', default),
  ('35', '8', '1', 'Question 4', 'dev', default, 'dev', default),
  ('36', '8', '3', '', 'dev', default, 'dev', default),
  ('37', '8', '12', '', 'dev', default, 'dev', default),
  ('38', '9', '1', 'Question 5', 'dev', default, 'dev', default),
  ('39', '9', '3', '', 'dev', default, 'dev', default),
  ('40', '9', '12', '', 'dev', default, 'dev', default),
  ('41', '10', '1', 'Title 1', 'dev', default, 'dev', default),
  ('42', '10', '2', 'default title 1', 'dev', default, 'dev', default),
  ('43', '10', '7', '', 'dev', default, 'dev', default),
  ('44', '11', '1', 'Question 1', 'dev', default, 'dev', default),
  ('45', '11', '2', 'test question 1', 'dev', default, 'dev', default),
  ('46', '11', '3', 'Y', 'dev', default, 'dev', default),
  ('47', '11', '4', '', 'dev', default, 'dev', default),
  ('48', '11', '5', '', 'dev', default, 'dev', default),
  ('49', '11', '6', '', 'dev', default, 'dev', default),
  ('50', '11', '7', '', 'dev', default, 'dev', default),
  ('51', '11', '8', '', 'dev', default, 'dev', default),
  ('52', '11', '9', '', 'dev', default, 'dev', default),
  ('53', '11', '10', '', 'dev', default, 'dev', default),
  ('54', '12', '1', 'Question 2', 'dev', default, 'dev', default),
  ('55', '12', '2', '', 'dev', default, 'dev', default),
  ('56', '12', '3', '', 'dev', default, 'dev', default),
  ('57', '12', '4', '', 'dev', default, 'dev', default),
  ('58', '12', '5', '', 'dev', default, 'dev', default),
  ('59', '12', '6', '', 'dev', default, 'dev', default),
  ('60', '12', '7', '', 'dev', default, 'dev', default),
  ('61', '12', '8', '', 'dev', default, 'dev', default),
  ('62', '12', '9', '', 'dev', default, 'dev', default),
  ('63', '12', '10', '', 'dev', default, 'dev', default),
  ('64', '12', '11', '3', 'dev', default, 'dev', default),
  ('65', '13', '1', 'Remark 1', 'dev', default, 'dev', default),
  ('66', '13', '2', 'test reamark', 'dev', default, 'dev', default),
  ('67', '13', '7', '', 'dev', default, 'dev', default),
  ('68', '14', '1', 'Title 1', 'dev', default, 'dev', default),
  ('69', '14', '2', 'default title 1', 'dev', default, 'dev', default),
  ('70', '14', '7', '', 'dev', default, 'dev', default),
  ('71', '15', '1', 'Question 1', 'dev', default, 'dev', default),
  ('72', '15', '2', 'test question 1', 'dev', default, 'dev', default),
  ('73', '15', '3', 'Y', 'dev', default, 'dev', default),
  ('74', '15', '4', '', 'dev', default, 'dev', default),
  ('75', '15', '5', '', 'dev', default, 'dev', default),
  ('76', '15', '6', '', 'dev', default, 'dev', default),
  ('77', '15', '7', '', 'dev', default, 'dev', default),
  ('78', '15', '8', '', 'dev', default, 'dev', default),
  ('79', '15', '9', '', 'dev', default, 'dev', default),
  ('80', '15', '10', '', 'dev', default, 'dev', default),
  ('81', '16', '1', 'Question 2', 'dev', default, 'dev', default),
  ('82', '16', '2', '', 'dev', default, 'dev', default),
  ('83', '16', '3', '', 'dev', default, 'dev', default),
  ('84', '16', '4', '', 'dev', default, 'dev', default),
  ('85', '16', '5', '', 'dev', default, 'dev', default),
  ('86', '16', '6', '', 'dev', default, 'dev', default),
  ('87', '16', '7', '', 'dev', default, 'dev', default),
  ('88', '16', '8', '', 'dev', default, 'dev', default),
  ('89', '16', '9', '', 'dev', default, 'dev', default),
  ('90', '16', '10', '', 'dev', default, 'dev', default),
  ('91', '16', '11', '3', 'dev', default, 'dev', default),
  ('92', '17', '1', 'Remark 1', 'dev', default, 'dev', default),
  ('93', '17', '2', 'test reamark', 'dev', default, 'dev', default),
  ('94', '17', '7', '', 'dev', default, 'dev', default),
  ('95', '18', '1', 'Title 1', 'dev', default, 'dev', default),
  ('96', '18', '2', 'default title 1', 'dev', default, 'dev', default),
  ('97', '18', '7', '', 'dev', default, 'dev', default),
  ('98', '19', '1', 'Question 1', 'dev', default, 'dev', default),
  ('99', '19', '2', 'test question 1', 'dev', default, 'dev', default),
  ('100', '19', '3', 'Y', 'dev', default, 'dev', default),
  ('101', '19', '4', '', 'dev', default, 'dev', default),
  ('102', '19', '5', '', 'dev', default, 'dev', default),
  ('103', '19', '6', '', 'dev', default, 'dev', default),
  ('104', '19', '7', '', 'dev', default, 'dev', default),
  ('105', '19', '8', '', 'dev', default, 'dev', default),
  ('106', '19', '9', '', 'dev', default, 'dev', default),
  ('107', '19', '10', '', 'dev', default, 'dev', default),
  ('108', '20', '1', 'Question 2', 'dev', default, 'dev', default),
  ('109', '20', '2', '', 'dev', default, 'dev', default),
  ('110', '20', '3', '', 'dev', default, 'dev', default),
  ('111', '20', '4', '', 'dev', default, 'dev', default),
  ('112', '20', '5', '', 'dev', default, 'dev', default),
  ('113', '20', '6', '', 'dev', default, 'dev', default),
  ('114', '20', '7', '', 'dev', default, 'dev', default),
  ('115', '20', '8', '', 'dev', default, 'dev', default),
  ('116', '20', '9', '', 'dev', default, 'dev', default),
  ('117', '20', '10', '', 'dev', default, 'dev', default),
  ('118', '20', '11', '3', 'dev', default, 'dev', default),
  ('119', '21', '1', 'Remark 1', 'dev', default, 'dev', default),
  ('120', '21', '2', 'test reamark', 'dev', default, 'dev', default),
  ('121', '21', '7', '', 'dev', default, 'dev', default),
  ('122', '22', '1', 'Title 1', 'dev', default, 'dev', default),
  ('123', '22', '2', 'default title 1', 'dev', default, 'dev', default),
  ('124', '22', '7', '', 'dev', default, 'dev', default),
  ('125', '23', '1', 'Question 1', 'dev', default, 'dev', default),
  ('126', '23', '2', 'test question 1', 'dev', default, 'dev', default),
  ('127', '23', '3', 'Y', 'dev', default, 'dev', default),
  ('128', '23', '4', '', 'dev', default, 'dev', default),
  ('129', '23', '5', '', 'dev', default, 'dev', default),
  ('130', '23', '6', '', 'dev', default, 'dev', default),
  ('131', '23', '7', '', 'dev', default, 'dev', default),
  ('132', '23', '8', '', 'dev', default, 'dev', default),
  ('133', '23', '9', '', 'dev', default, 'dev', default),
  ('134', '23', '10', '', 'dev', default, 'dev', default),
  ('135', '24', '1', 'Question 2', 'dev', default, 'dev', default),
  ('136', '24', '2', '', 'dev', default, 'dev', default),
  ('137', '24', '3', '', 'dev', default, 'dev', default),
  ('138', '24', '4', '', 'dev', default, 'dev', default),
  ('139', '24', '5', '', 'dev', default, 'dev', default),
  ('140', '24', '6', '', 'dev', default, 'dev', default),
  ('141', '24', '7', '', 'dev', default, 'dev', default),
  ('142', '24', '8', '', 'dev', default, 'dev', default),
  ('143', '24', '9', '', 'dev', default, 'dev', default),
  ('144', '24', '10', '', 'dev', default, 'dev', default),
  ('145', '24', '11', '3', 'dev', default, 'dev', default),
  ('146', '25', '1', 'Remark 1', 'dev', default, 'dev', default),
  ('147', '25', '2', 'test reamark', 'dev', default, 'dev', default),
  ('148', '25', '7', '', 'dev', default, 'dev', default),
  ('149', '26', '1', 'Title 1', 'dev', default, 'dev', default),
  ('150', '26', '2', 'default title 1', 'dev', default, 'dev', default),
  ('151', '26', '7', '', 'dev', default, 'dev', default),
  ('152', '27', '1', 'Question 1', 'dev', default, 'dev', default),
  ('153', '27', '2', 'test question 1', 'dev', default, 'dev', default),
  ('154', '27', '3', 'Y', 'dev', default, 'dev', default),
  ('155', '27', '4', '', 'dev', default, 'dev', default),
  ('156', '27', '5', '', 'dev', default, 'dev', default),
  ('157', '27', '6', '', 'dev', default, 'dev', default),
  ('158', '27', '7', '', 'dev', default, 'dev', default),
  ('159', '27', '8', '', 'dev', default, 'dev', default),
  ('160', '27', '9', '', 'dev', default, 'dev', default),
  ('161', '27', '10', '', 'dev', default, 'dev', default),
  ('162', '28', '1', 'Question 2', 'dev', default, 'dev', default),
  ('163', '28', '2', '', 'dev', default, 'dev', default),
  ('164', '28', '3', '', 'dev', default, 'dev', default),
  ('165', '28', '4', '', 'dev', default, 'dev', default),
  ('166', '28', '5', '', 'dev', default, 'dev', default),
  ('167', '28', '6', '', 'dev', default, 'dev', default),
  ('168', '28', '7', '', 'dev', default, 'dev', default),
  ('169', '28', '8', '', 'dev', default, 'dev', default),
  ('170', '28', '9', '', 'dev', default, 'dev', default),
  ('171', '28', '10', '', 'dev', default, 'dev', default),
  ('172', '28', '11', '3', 'dev', default, 'dev', default),
  ('173', '29', '1', 'Remark 1', 'dev', default, 'dev', default),
  ('174', '29', '2', 'test reamark', 'dev', default, 'dev', default),
  ('175', '29', '7', '', 'dev', default, 'dev', default),
  ('176', '30', '1', 'Title 1', 'dev', default, 'dev', default),
  ('177', '30', '2', 'default title 1', 'dev', default, 'dev', default),
  ('178', '30', '7', '', 'dev', default, 'dev', default),
  ('179', '31', '1', 'Question 1', 'dev', default, 'dev', default),
  ('180', '31', '2', 'test question 1', 'dev', default, 'dev', default),
  ('181', '31', '3', 'Y', 'dev', default, 'dev', default),
  ('182', '31', '4', '', 'dev', default, 'dev', default),
  ('183', '31', '5', '', 'dev', default, 'dev', default),
  ('184', '31', '6', '', 'dev', default, 'dev', default),
  ('185', '31', '7', '', 'dev', default, 'dev', default),
  ('186', '31', '8', '', 'dev', default, 'dev', default),
  ('187', '31', '9', '', 'dev', default, 'dev', default),
  ('188', '31', '10', '', 'dev', default, 'dev', default),
  ('189', '32', '1', 'Question 2', 'dev', default, 'dev', default),
  ('190', '32', '2', '', 'dev', default, 'dev', default),
  ('191', '32', '3', '', 'dev', default, 'dev', default),
  ('192', '32', '4', '', 'dev', default, 'dev', default),
  ('193', '32', '5', '', 'dev', default, 'dev', default),
  ('194', '32', '6', '', 'dev', default, 'dev', default),
  ('195', '32', '7', '', 'dev', default, 'dev', default),
  ('196', '32', '8', '', 'dev', default, 'dev', default),
  ('197', '32', '9', '', 'dev', default, 'dev', default),
  ('198', '32', '10', '', 'dev', default, 'dev', default),
  ('199', '32', '11', '3', 'dev', default, 'dev', default),
  ('200', '33', '1', 'Remark 1', 'dev', default, 'dev', default),
  ('201', '33', '2', 'test reamark', 'dev', default, 'dev', default),
  ('202', '33', '7', '', 'dev', default, 'dev', default),
  ('203', '34', '1', 'Title 1', 'dev', default, 'dev', default),
  ('204', '34', '2', 'default title 1', 'dev', default, 'dev', default),
  ('205', '34', '7', '', 'dev', default, 'dev', default),
  ('206', '35', '1', 'Question 1', 'dev', default, 'dev', default),
  ('207', '35', '2', 'test question 1', 'dev', default, 'dev', default),
  ('208', '35', '3', 'Y', 'dev', default, 'dev', default),
  ('209', '35', '4', '', 'dev', default, 'dev', default),
  ('210', '35', '5', '', 'dev', default, 'dev', default),
  ('211', '35', '6', '', 'dev', default, 'dev', default),
  ('212', '35', '7', '', 'dev', default, 'dev', default),
  ('213', '35', '8', '', 'dev', default, 'dev', default),
  ('214', '35', '9', '', 'dev', default, 'dev', default),
  ('215', '35', '10', '', 'dev', default, 'dev', default),
  ('216', '36', '1', 'Question 2', 'dev', default, 'dev', default),
  ('217', '36', '2', '', 'dev', default, 'dev', default),
  ('218', '36', '3', '', 'dev', default, 'dev', default),
  ('219', '36', '4', '', 'dev', default, 'dev', default),
  ('220', '36', '5', '', 'dev', default, 'dev', default),
  ('221', '36', '6', '', 'dev', default, 'dev', default),
  ('222', '36', '7', '', 'dev', default, 'dev', default),
  ('223', '36', '8', '', 'dev', default, 'dev', default),
  ('224', '36', '9', '', 'dev', default, 'dev', default),
  ('225', '36', '10', '', 'dev', default, 'dev', default),
  ('226', '36', '11', '3', 'dev', default, 'dev', default),
  ('227', '37', '1', 'Remark 1', 'dev', default, 'dev', default),
  ('228', '37', '2', 'test reamark', 'dev', default, 'dev', default),
  ('229', '37', '7', '', 'dev', default, 'dev', default),
  ('230', '38', '1', 'Title 1', 'dev', default, 'dev', default),
  ('231', '38', '2', 'default title 1', 'dev', default, 'dev', default),
  ('232', '38', '7', '', 'dev', default, 'dev', default),
  ('233', '39', '1', 'Question 1', 'dev', default, 'dev', default),
  ('234', '39', '2', 'test question 1', 'dev', default, 'dev', default),
  ('235', '39', '3', 'Y', 'dev', default, 'dev', default),
  ('236', '39', '4', '', 'dev', default, 'dev', default),
  ('237', '39', '5', '', 'dev', default, 'dev', default),
  ('238', '39', '6', '', 'dev', default, 'dev', default),
  ('239', '39', '7', '', 'dev', default, 'dev', default),
  ('240', '39', '8', '', 'dev', default, 'dev', default),
  ('241', '39', '9', '', 'dev', default, 'dev', default),
  ('242', '39', '10', '', 'dev', default, 'dev', default),
  ('243', '40', '1', 'Question 2', 'dev', default, 'dev', default),
  ('244', '40', '2', '', 'dev', default, 'dev', default),
  ('245', '40', '3', '', 'dev', default, 'dev', default),
  ('246', '40', '4', '', 'dev', default, 'dev', default),
  ('247', '40', '5', '', 'dev', default, 'dev', default),
  ('248', '40', '6', '', 'dev', default, 'dev', default),
  ('249', '40', '7', '', 'dev', default, 'dev', default),
  ('250', '40', '8', '', 'dev', default, 'dev', default),
  ('251', '40', '9', '', 'dev', default, 'dev', default),
  ('252', '40', '10', '', 'dev', default, 'dev', default),
  ('253', '40', '11', '3', 'dev', default, 'dev', default),
  ('254', '41', '1', 'Remark 1', 'dev', default, 'dev', default),
  ('255', '41', '2', 'test reamark', 'dev', default, 'dev', default),
  ('256', '41', '7', '', 'dev', default, 'dev', default),
  ('257', '42', '1', 'Title 1', 'dev', default, 'dev', default),
  ('258', '42', '2', 'default title 1', 'dev', default, 'dev', default),
  ('259', '42', '7', '', 'dev', default, 'dev', default),
  ('260', '43', '1', 'Question 1', 'dev', default, 'dev', default),
  ('261', '43', '2', 'test question 1', 'dev', default, 'dev', default),
  ('262', '43', '3', 'Y', 'dev', default, 'dev', default),
  ('263', '43', '4', '', 'dev', default, 'dev', default),
  ('264', '43', '5', '', 'dev', default, 'dev', default),
  ('265', '43', '6', '', 'dev', default, 'dev', default),
  ('266', '43', '7', '', 'dev', default, 'dev', default),
  ('267', '43', '8', '', 'dev', default, 'dev', default),
  ('268', '43', '9', '', 'dev', default, 'dev', default),
  ('269', '43', '10', '', 'dev', default, 'dev', default),
  ('270', '44', '1', 'Question 2', 'dev', default, 'dev', default),
  ('271', '44', '2', '', 'dev', default, 'dev', default),
  ('272', '44', '3', '', 'dev', default, 'dev', default),
  ('273', '44', '4', '', 'dev', default, 'dev', default),
  ('274', '44', '5', '', 'dev', default, 'dev', default),
  ('275', '44', '6', '', 'dev', default, 'dev', default),
  ('276', '44', '7', '', 'dev', default, 'dev', default),
  ('277', '44', '8', '', 'dev', default, 'dev', default),
  ('278', '44', '9', '', 'dev', default, 'dev', default),
  ('279', '44', '10', '', 'dev', default, 'dev', default),
  ('280', '44', '11', '3', 'dev', default, 'dev', default),
  ('281', '45', '1', 'Remark 1', 'dev', default, 'dev', default),
  ('282', '45', '2', 'test reamark', 'dev', default, 'dev', default),
  ('283', '45', '7', '', 'dev', default, 'dev', default),
  ('284', '46', '1', 'Title 1', 'dev', default, 'dev', default),
  ('285', '46', '2', 'default title 1', 'dev', default, 'dev', default),
  ('286', '46', '7', '', 'dev', default, 'dev', default),
  ('287', '47', '1', 'Question 1', 'dev', default, 'dev', default),
  ('288', '47', '2', 'test question 1', 'dev', default, 'dev', default),
  ('289', '47', '3', 'Y', 'dev', default, 'dev', default),
  ('290', '47', '4', '', 'dev', default, 'dev', default),
  ('291', '47', '5', '', 'dev', default, 'dev', default),
  ('292', '47', '6', '', 'dev', default, 'dev', default),
  ('293', '47', '7', '', 'dev', default, 'dev', default),
  ('294', '47', '8', '', 'dev', default, 'dev', default),
  ('295', '47', '9', '', 'dev', default, 'dev', default),
  ('296', '47', '10', '', 'dev', default, 'dev', default),
  ('297', '48', '1', 'Question 2', 'dev', default, 'dev', default),
  ('298', '48', '2', '', 'dev', default, 'dev', default),
  ('299', '48', '3', '', 'dev', default, 'dev', default),
  ('300', '48', '4', '', 'dev', default, 'dev', default),
  ('301', '48', '5', '', 'dev', default, 'dev', default),
  ('302', '48', '6', '', 'dev', default, 'dev', default),
  ('303', '48', '7', '', 'dev', default, 'dev', default),
  ('304', '48', '8', '', 'dev', default, 'dev', default),
  ('305', '48', '9', '', 'dev', default, 'dev', default),
  ('306', '48', '10', '', 'dev', default, 'dev', default),
  ('307', '48', '11', '3', 'dev', default, 'dev', default),
  ('308', '49', '1', 'Remark 1', 'dev', default, 'dev', default),
  ('309', '49', '2', 'test reamark', 'dev', default, 'dev', default),
  ('310', '49', '7', '', 'dev', default, 'dev', default),
  ('311', '50', '1', 'Title 1', 'dev', default, 'dev', default),
  ('312', '50', '2', 'default title 1', 'dev', default, 'dev', default),
  ('313', '50', '7', '', 'dev', default, 'dev', default),
  ('314', '51', '1', 'Question 1', 'dev', default, 'dev', default),
  ('315', '51', '2', 'test question 1', 'dev', default, 'dev', default),
  ('316', '51', '3', 'Y', 'dev', default, 'dev', default),
  ('317', '51', '4', '', 'dev', default, 'dev', default),
  ('318', '51', '5', '', 'dev', default, 'dev', default),
  ('319', '51', '6', '', 'dev', default, 'dev', default),
  ('320', '51', '7', '', 'dev', default, 'dev', default),
  ('321', '51', '8', '', 'dev', default, 'dev', default),
  ('322', '51', '9', '', 'dev', default, 'dev', default),
  ('323', '51', '10', '', 'dev', default, 'dev', default),
  ('324', '52', '1', 'Question 2', 'dev', default, 'dev', default),
  ('325', '52', '2', '', 'dev', default, 'dev', default),
  ('326', '52', '3', '', 'dev', default, 'dev', default),
  ('327', '52', '4', '', 'dev', default, 'dev', default),
  ('328', '52', '5', '', 'dev', default, 'dev', default),
  ('329', '52', '6', '', 'dev', default, 'dev', default),
  ('330', '52', '7', '', 'dev', default, 'dev', default),
  ('331', '52', '8', '', 'dev', default, 'dev', default),
  ('332', '52', '9', '', 'dev', default, 'dev', default),
  ('333', '52', '10', '', 'dev', default, 'dev', default),
  ('334', '52', '11', '3', 'dev', default, 'dev', default),
  ('335', '53', '1', 'Remark 1', 'dev', default, 'dev', default),
  ('336', '53', '2', 'test reamark', 'dev', default, 'dev', default),
  ('337', '53', '7', '', 'dev', default, 'dev', default),
  ('338', '54', '1', 'Title 1', 'dev', default, 'dev', default),
  ('339', '54', '2', 'default title 1', 'dev', default, 'dev', default),
  ('340', '54', '7', '', 'dev', default, 'dev', default),
  ('341', '55', '1', 'Question 1', 'dev', default, 'dev', default),
  ('342', '55', '2', 'test question 1', 'dev', default, 'dev', default),
  ('343', '55', '3', 'Y', 'dev', default, 'dev', default),
  ('344', '55', '4', '', 'dev', default, 'dev', default),
  ('345', '55', '5', '', 'dev', default, 'dev', default),
  ('346', '55', '6', '', 'dev', default, 'dev', default),
  ('347', '55', '7', '', 'dev', default, 'dev', default),
  ('348', '55', '8', '', 'dev', default, 'dev', default),
  ('349', '55', '9', '', 'dev', default, 'dev', default),
  ('350', '55', '10', '', 'dev', default, 'dev', default),
  ('351', '56', '1', 'Question 2', 'dev', default, 'dev', default),
  ('352', '56', '2', '', 'dev', default, 'dev', default),
  ('353', '56', '3', '', 'dev', default, 'dev', default),
  ('354', '56', '4', '', 'dev', default, 'dev', default),
  ('355', '56', '5', '', 'dev', default, 'dev', default),
  ('356', '56', '6', '', 'dev', default, 'dev', default),
  ('357', '56', '7', '', 'dev', default, 'dev', default),
  ('358', '56', '8', '', 'dev', default, 'dev', default),
  ('359', '56', '9', '', 'dev', default, 'dev', default),
  ('360', '56', '10', '', 'dev', default, 'dev', default),
  ('361', '56', '11', '3', 'dev', default, 'dev', default),
  ('362', '57', '1', 'Remark 1', 'dev', default, 'dev', default),
  ('363', '57', '2', 'test reamark', 'dev', default, 'dev', default),
  ('364', '57', '7', '', 'dev', default, 'dev', default),
  ('365', '58', '1', 'Title 1', 'dev', default, 'dev', default),
  ('366', '58', '2', 'default title 1', 'dev', default, 'dev', default),
  ('367', '58', '7', '', 'dev', default, 'dev', default),
  ('368', '59', '1', 'Question 1', 'dev', default, 'dev', default),
  ('369', '59', '2', 'test question 1', 'dev', default, 'dev', default),
  ('370', '59', '3', 'Y', 'dev', default, 'dev', default),
  ('371', '59', '4', '', 'dev', default, 'dev', default),
  ('372', '59', '5', '', 'dev', default, 'dev', default),
  ('373', '59', '6', '', 'dev', default, 'dev', default),
  ('374', '59', '7', '', 'dev', default, 'dev', default),
  ('375', '59', '8', '', 'dev', default, 'dev', default),
  ('376', '59', '9', '', 'dev', default, 'dev', default),
  ('377', '59', '10', '', 'dev', default, 'dev', default),
  ('378', '60', '1', 'Question 2', 'dev', default, 'dev', default),
  ('379', '60', '2', '', 'dev', default, 'dev', default),
  ('380', '60', '3', '', 'dev', default, 'dev', default),
  ('381', '60', '4', '', 'dev', default, 'dev', default),
  ('382', '60', '5', '', 'dev', default, 'dev', default),
  ('383', '60', '6', '', 'dev', default, 'dev', default),
  ('384', '60', '7', '', 'dev', default, 'dev', default),
  ('385', '60', '8', '', 'dev', default, 'dev', default),
  ('386', '60', '9', '', 'dev', default, 'dev', default),
  ('387', '60', '10', '', 'dev', default, 'dev', default),
  ('388', '60', '11', '3', 'dev', default, 'dev', default),
  ('389', '61', '1', 'Remark 1', 'dev', default, 'dev', default),
  ('390', '61', '2', 'test reamark', 'dev', default, 'dev', default),
  ('391', '61', '7', '', 'dev', default, 'dev', default);
ALTER SEQUENCE draft_form_properties_form_properties_id_seq RESTART WITH 392; 

TRUNCATE "draft_form_properties_list";
INSERT INTO "public"."draft_form_properties_list"
  (list_id, form_properties_id, list_sequence, list_key, list_value, create_by, create_date, update_by, update_date)
VALUES
  ('2', '34', '1', 'multipel_2', 'Multipel 2', 'dev', default, 'dev', default),
  ('1', '34', '0', 'multipel_1', 'Multipel 1', 'dev', default, 'dev', default),
  ('3', '34', '2', 'multipel_3', 'Multipel 3', 'dev', default, 'dev', default),
  ('4', '37', '0', 'checkbox_1', 'Checkbox 1', 'dev', default, 'dev', default),
  ('5', '37', '1', 'checkbox_2', 'Checkbox 2', 'dev', default, 'dev', default),
  ('6', '37', '2', 'checkbox_3', 'Checkbox 3', 'dev', default, 'dev', default),
  ('7', '37', '3', 'checkbox_4', 'Checkbox 4', 'dev', default, 'dev', default),
  ('8', '40', '0', 'dropdown_1', 'dropdown 1', 'dev', default, 'dev', default),
  ('9', '40', '1', 'dropdown_2', 'dropdown 2', 'dev', default, 'dev', default);
 ALTER SEQUENCE draft_form_properties_list_list_id_seq RESTART WITH 10; 
 
 